dataset,n_estimators,max_depth,min_samples_split,min_samples_leaf,max_features,train_mae,train_rmse,train_r2,val_mae,val_rmse,val_r2
scaffold,1000,,5,1,0.5,0.3588826966176583,0.5358930567182034,0.9674904595403075,1.263245466326077,1.6370400333971566,0.6207777608348481
scaffold,500,30.0,2,1,0.5,0.40370088235600565,0.5759999532079757,0.9624422586698614,1.2640764124610377,1.6369610681269022,0.6208143447469814
scaffold,1000,30.0,2,1,0.5,0.40145457177724825,0.5724746648145673,0.9629005805837816,1.2646324600382883,1.639663451443348,0.6195613512242939
scaffold,500,,5,1,0.5,0.3599984040510079,0.5368289280126304,0.9673768125659079,1.264737108578922,1.634350007624148,0.6220230320984483
scaffold,500,,2,1,0.5,0.30766348396033555,0.46247426812646913,0.9757880528197413,1.269905535830555,1.6462171021529513,0.6165140859595679
scaffold,1000,,2,1,0.5,0.30687901081229324,0.4615827534702404,0.9758813099031558,1.2714922557793862,1.6472739372216842,0.616021548914921
scaffold,1000,30.0,5,1,0.5,0.44148487032538347,0.6306891960618883,0.9549717205087205,1.2717124012640142,1.646892858153647,0.6161991869160952
scaffold,200,30.0,5,1,0.3,0.460836897882298,0.6499034142439565,0.9521863159661135,1.2733544314455754,1.6400166407682504,0.6193974379029841
scaffold,500,30.0,5,1,0.5,0.44187894416920626,0.6316929696483455,0.9548282769061278,1.2745794234286854,1.6475410150296157,0.6158970275050406
scaffold,200,30.0,2,1,0.5,0.40767803131015656,0.5801200065316714,0.961903045729344,1.2760124069798076,1.6469451349255726,0.6161748208064101
scaffold,200,,5,1,0.5,0.36168165041310035,0.540252475491775,0.966959386607445,1.2774030885445578,1.6492048138083528,0.6151208492625807
scaffold,500,30.0,10,1,0.5,0.5301245889908729,0.741471285798226,0.937763774650747,1.279377618539038,1.6538636255285057,0.6129433002962594
scaffold,200,,2,1,0.5,0.3092189091796076,0.4649760163259243,0.9755253959253866,1.2796689035150703,1.6753809030153375,0.6028063290812073
scaffold,200,30.0,5,1,0.5,0.4438006204296092,0.6350667833754114,0.9543444723790571,1.279884058001113,1.6558247717241248,0.6120248148581515
scaffold,1000,,10,1,0.5,0.4556950655037394,0.6581271533748885,0.9509686118084723,1.2808053809691617,1.6537981174299676,0.6129739616469064
scaffold,1000,,2,1,0.3,0.30912159353073154,0.45966028677233733,0.976081797548649,1.2810522285630426,1.645697517821096,0.616756121870485
scaffold,1000,30.0,2,1,0.3,0.41346448068446007,0.5835489854969641,0.9614513470163257,1.2811050202691598,1.6436659451500943,0.6177017479130309
scaffold,1000,30.0,10,1,0.5,0.5279579301777583,0.7393915126831437,0.9381124211856247,1.2811391041803948,1.6513033639475974,0.6141407380419535
scaffold,500,30.0,2,1,0.3,0.41522863209322397,0.5865939665728942,0.9610480007052846,1.2826199139097154,1.6413865515591493,0.6187613354344418
scaffold,1000,30.0,5,1,0.3,0.4583661427842303,0.6474230567791792,0.9525505815368316,1.283337204716749,1.6409511247339634,0.6189635784987071
scaffold,500,,10,1,0.5,0.45696956060075117,0.6594350662320743,0.9507735355072613,1.2839930651917726,1.655920910524522,0.6119797611153375
scaffold,500,,2,1,0.3,0.31008513839898455,0.46118291004528056,0.9759230771601926,1.28436976854484,1.652595608347863,0.6135365854879216
scaffold,500,30.0,5,1,0.3,0.4590658265310549,0.6483363526931122,0.9524166168120763,1.2860725083953202,1.642980837912475,0.6180203780031478
scaffold,1000,,5,1,0.3,0.36349546566418073,0.5370393756772279,0.9673512296699411,1.2861591797981413,1.6435433706391571,0.6177587646981674
scaffold,200,,5,1,0.3,0.3666052541406474,0.5410902729537831,0.9668568315734756,1.286594339324069,1.648266691618886,0.6155585886822993
scaffold,1000,20.0,2,1,0.5,0.5507296501578367,0.7718694521921723,0.9325561619051513,1.2870194149602108,1.6617892203680622,0.6092247289525288
scaffold,1000,20.0,5,1,0.5,0.5825852463407921,0.8112550670815516,0.9254977455006184,1.289400560844024,1.6612576164904285,0.6094747058080111
scaffold,200,,10,1,0.5,0.45885370214658755,0.6631462298478639,0.9502179037645895,1.2903693411153712,1.6716485650327675,0.6045740581293906
scaffold,500,,5,1,0.3,0.364297784215471,0.5384747167941651,0.967176476202619,1.2914672179847815,1.6482395817134714,0.6155712347967197
scaffold,200,30.0,10,1,0.5,0.5339715429622867,0.7479707172978763,0.9366679185287601,1.2917431268787003,1.6730023949714563,0.6039333059169447
scaffold,200,30.0,2,1,0.3,0.4173352893403362,0.5909798174125442,0.9604633498945828,1.2920633980579768,1.655407820414782,0.6122201814175237
scaffold,200,30.0,10,1,0.3,0.544551522869205,0.754503878229623,0.9355567368706005,1.2924329376111003,1.6526395608165039,0.6135160284358495
scaffold,500,20.0,2,1,0.5,0.551548503753503,0.7730016923162176,0.9323581527034496,1.2935988020132916,1.6706919676672474,0.6050264919626035
scaffold,500,,2,3,0.5,0.5976214853431269,0.8724045696801378,0.9138430267025193,1.2955810429007113,1.691597863790131,0.5950797893547991
scaffold,500,,5,3,0.5,0.5976214853431269,0.8724045696801378,0.9138430267025193,1.2955810429007115,1.691597863790131,0.5950797893547991
scaffold,200,,2,1,0.3,0.3114786725516635,0.46299648070490385,0.9757333430867455,1.2957323620118488,1.6646608543029846,0.6078730134813004
scaffold,1000,,10,1,0.3,0.46234060379014247,0.6606034324225218,0.9505989451921422,1.2960193126856983,1.658946751065381,0.6105604178864049
scaffold,500,30.0,10,1,0.3,0.5414537887444523,0.7510557123903836,0.9361444165376795,1.296910193482206,1.6587494158211538,0.6106530617090642
scaffold,1000,,5,3,0.5,0.5960028396203059,0.8696460291716958,0.9143870214435539,1.297729905854604,1.6936676974203693,0.5940882650139265
scaffold,1000,,2,3,0.5,0.5960028396203059,0.8696460291716958,0.9143870214435539,1.297729905854604,1.6936676974203695,0.5940882650139264
scaffold,500,,10,1,0.3,0.46236358493958424,0.6602090925451987,0.9506579064100573,1.2977985487592096,1.6584436014020754,0.6107966119411528
scaffold,500,20.0,5,1,0.5,0.5857185482697813,0.8157273442452404,0.9246740510524732,1.298174427470428,1.6720613786420586,0.6043787331437445
scaffold,500,20.0,2,1,0.3,0.5758781609784596,0.7999101694573728,0.927566911026804,1.29864171691845,1.6555634002531596,0.6121472887372044
scaffold,200,20.0,2,1,0.5,0.5538319571637962,0.7762938878753605,0.9317807557648086,1.2988921413442716,1.6758411154965334,0.6025880878557457
scaffold,1000,30.0,10,1,0.3,0.5409122150872427,0.7507885316487211,0.9361898404582447,1.2990872956826671,1.6586278912913988,0.6107101088675022
scaffold,1000,30.0,2,3,0.5,0.6238737452811386,0.9013570417359738,0.9080295562052915,1.29965864245906,1.694179880763788,0.5938427237360717
scaffold,1000,30.0,5,3,0.5,0.6238737452811386,0.9013570417359736,0.9080295562052915,1.29965864245906,1.694179880763788,0.5938427237360717
scaffold,1000,20.0,10,1,0.5,0.6501423674384701,0.8946663276257323,0.9093898697635042,1.3006779363441652,1.6702904603559294,0.6052163123465699
scaffold,200,30.0,5,3,0.5,0.6264462437273798,0.9060268959775922,0.9070741054371602,1.3014776316116812,1.7121005579148072,0.5852047870899146
scaffold,200,30.0,2,3,0.5,0.6264462437273798,0.9060268959775922,0.9070741054371602,1.3014776316116814,1.7121005579148074,0.5852047870899146
scaffold,200,,2,3,0.5,0.6025221948991301,0.8786369777415374,0.9126076286803828,1.303222160617229,1.7091088436339552,0.5866531419112899
scaffold,200,,5,3,0.5,0.6025221948991302,0.8786369777415373,0.9126076286803828,1.303222160617229,1.7091088436339552,0.5866531419112899
scaffold,200,20.0,10,1,0.5,0.6545294240236849,0.9019539130827883,0.907907711707569,1.303595114609069,1.6848850115551928,0.598287142916943
scaffold,500,30.0,5,3,0.5,0.6248005409213466,0.9030041942501993,0.9076931129145852,1.3042816905399588,1.702862982863097,0.5896687363479406
scaffold,500,30.0,2,3,0.5,0.6248005409213466,0.9030041942501993,0.9076931129145852,1.3042816905399588,1.7028629828630972,0.5896687363479405
scaffold,1000,,2,3,0.3,0.6359511202389643,0.9116987538806881,0.9059070049569599,1.3043823496792006,1.6934382141953448,0.5941982554488794
scaffold,1000,,5,3,0.3,0.6359511202389643,0.911698753880688,0.9059070049569599,1.304382349679201,1.6934382141953448,0.5941982554488793
scaffold,200,20.0,5,1,0.5,0.5900311218871981,0.8215056805492724,0.9236031042930565,1.3045022562874626,1.6849801698726952,0.5982417660528805
scaffold,1000,20.0,2,1,0.3,0.5741814509011305,0.7986447209257215,0.9277959063484875,1.3046938640664658,1.6643288566203418,0.6080294084232556
scaffold,500,20.0,10,1,0.5,0.6506549679912077,0.8963046842602167,0.9090577065213166,1.3054538399371614,1.6767279711787584,0.602167355524085
scaffold,200,20.0,2,1,0.3,0.5809518748071425,0.8094572139687105,0.9258275941420233,1.3068130922305152,1.6639270289283223,0.608218656628547
scaffold,500,,10,3,0.5,0.6490571787389805,0.9344389740880362,0.9011546011638167,1.3073385242389324,1.7075055987223835,0.5874282656552539
scaffold,1000,30.0,5,3,0.3,0.6636178426565065,0.9432626270499236,0.8992790471942294,1.308350797278589,1.6962903234742226,0.5928301918758994
scaffold,1000,30.0,2,3,0.3,0.6636178426565065,0.9432626270499236,0.8992790471942294,1.3083507972785893,1.6962903234742226,0.5928301918758994
scaffold,1000,,10,3,0.5,0.6472964986991724,0.9321756858837149,0.9016328446930206,1.3085560901242024,1.7051132872439287,0.5885835282501701
scaffold,500,30.0,10,3,0.5,0.6712898271819825,0.9595537984802005,0.8957698823028655,1.3090331176043448,1.7068459908060716,0.5877469562871973
scaffold,200,,10,1,0.3,0.4660862027840629,0.6651688888696268,0.9499137603888674,1.3091635668426218,1.6712213635937012,0.6047761400140264
scaffold,500,,5,3,0.3,0.6356225776237232,0.9124865227271083,0.9057443293940167,1.309388793011886,1.6971612783772694,0.5924119644335948
scaffold,500,,2,3,0.3,0.6356225776237232,0.9124865227271083,0.9057443293940167,1.3093887930118864,1.6971612783772696,0.5924119644335948
scaffold,1000,20.0,5,1,0.3,0.606441536738806,0.842742920131145,0.9196020832350754,1.310140048332173,1.6683971727602267,0.606110786047372
scaffold,200,30.0,5,3,0.3,0.6671385438481197,0.9481456855705082,0.8982335285236943,1.3108293288361519,1.6995870505841828,0.5912459911904442
scaffold,200,30.0,2,3,0.3,0.6671385438481197,0.9481456855705082,0.8982335285236943,1.310829328836152,1.6995870505841828,0.5912459911904442
scaffold,200,,5,3,0.3,0.636360850667139,0.9133906161708357,0.9055574594561864,1.3108351380482808,1.7040964303628006,0.5890740844259803
scaffold,200,,2,3,0.3,0.636360850667139,0.9133906161708357,0.9055574594561864,1.3108351380482808,1.7040964303628008,0.5890740844259802
scaffold,200,20.0,10,1,0.3,0.6804269917955125,0.9299238788814147,0.9021075112498933,1.310992648068958,1.6734528488684846,0.6037199962352849
scaffold,500,20.0,5,1,0.3,0.6081711038691668,0.8453517898215482,0.9191035389222842,1.311307749280777,1.6673686391316263,0.6065962860618059
scaffold,500,30.0,2,3,0.3,0.6644342956682737,0.9448690713642689,0.8989356849575006,1.3116893852178866,1.697857091521066,0.5920776847712629
scaffold,500,30.0,5,3,0.3,0.6644342956682738,0.9448690713642689,0.8989356849575006,1.3116893852178866,1.697857091521066,0.5920776847712629
scaffold,1000,20.0,10,1,0.3,0.6692455512509866,0.915726865227854,0.9050737157698854,1.3119969821179025,1.671178318322537,0.6047964991352062
scaffold,200,,10,3,0.5,0.6522490539484302,0.9387888759586269,0.9002321898183647,1.3121928513224304,1.7131325881843027,0.5847045708683032
scaffold,200,30.0,10,3,0.5,0.67326691457477,0.9621819198822966,0.8951981487824575,1.3129191209593953,1.7208322353255157,0.5809631043520089
scaffold,1000,30.0,10,3,0.5,0.6695415529688679,0.9576366716791616,0.8961859563913057,1.3136026729975772,1.7088583556030292,0.5867742937661051
scaffold,500,20.0,10,1,0.3,0.6726659025262068,0.9201856190435199,0.9041470565752873,1.3153952906180002,1.6773460783170273,0.6018739882917664
scaffold,200,20.0,10,3,0.5,0.7420086591116035,1.0438164479887473,0.8766603129337184,1.3168950331423415,1.7190688253247364,0.5818214741905585
scaffold,1000,,10,3,0.3,0.6799848686698798,0.9661933698348542,0.8943224645976329,1.3177300274948083,1.7046810946015505,0.5887920641153247
scaffold,500,20.0,2,3,0.5,0.7021333410953451,0.9974938022294348,0.8873645801754692,1.3179897654211779,1.7117851003419933,0.5853576265195558
scaffold,500,20.0,5,3,0.5,0.702133341095345,0.9974938022294348,0.8873645801754692,1.3179897654211783,1.7117851003419933,0.5853576265195558
scaffold,200,20.0,5,1,0.3,0.6150051791024066,0.8553236546295493,0.9171837548095366,1.3180121454078289,1.677693168591115,0.6017092042134297
scaffold,1000,20.0,2,3,0.5,0.7020243458163117,0.9972283091463979,0.8874245303128739,1.3182039343549443,1.7107880206287354,0.5858405271956834
scaffold,1000,20.0,5,3,0.5,0.7020243458163116,0.9972283091463979,0.8874245303128739,1.3182039343549443,1.7107880206287354,0.5858405271956834
scaffold,1000,30.0,10,3,0.3,0.7064391906320828,0.9954985398643941,0.8878147332400366,1.3200968663960222,1.7055240259774234,0.5883852950478698
scaffold,200,20.0,5,3,0.5,0.707696959490911,1.005027181085864,0.8856568413408217,1.3207580183821004,1.7215210155015421,0.5806275898687361
scaffold,200,20.0,2,3,0.5,0.7076969594909112,1.005027181085864,0.8856568413408217,1.3207580183821004,1.7215210155015426,0.5806275898687359
scaffold,200,,10,3,0.3,0.6838385756820463,0.9713980038305084,0.8931808830070114,1.3208790899103589,1.70555334685093,0.5883711422053932
scaffold,500,,10,3,0.3,0.6794890829116155,0.9672123496981357,0.894099444926549,1.3217840922762312,1.709085003335087,0.5866646733522991
scaffold,500,20.0,10,3,0.5,0.7395311968675883,1.042160718848339,0.8770512919169589,1.3220654711765998,1.7156967596320447,0.583460434089068
scaffold,500,30.0,10,3,0.3,0.706093290823129,0.9958853471294636,0.8877275357103565,1.3226512867584337,1.7098739148403752,0.586282995139324
scaffold,1000,20.0,10,3,0.5,0.7406085219384191,1.0430440588560739,0.8768427798553563,1.323306807228155,1.7142828434130157,0.5841466968162158
scaffold,1000,20.0,10,3,0.3,0.7790467512818247,1.084332295722236,0.8668996013625785,1.3340360871999166,1.7176247356324996,0.5825237539881478
scaffold,500,30.0,5,5,0.5,0.7905273769848831,1.1086246819482704,0.8608690800145115,1.334333081355161,1.7429149641219626,0.5701394447748527
scaffold,500,30.0,10,5,0.5,0.790527376984883,1.1086246819482704,0.8608690800145115,1.334333081355161,1.7429149641219626,0.5701394447748527
scaffold,500,30.0,2,5,0.5,0.7905273769848831,1.1086246819482704,0.8608690800145115,1.334333081355161,1.7429149641219628,0.5701394447748527
scaffold,1000,20.0,2,3,0.3,0.7447764783768568,1.0429532360080727,0.876864226701064,1.3347774591675798,1.7195491291826295,0.5815877653184373
scaffold,1000,20.0,5,3,0.3,0.7447764783768568,1.0429532360080727,0.876864226701064,1.3347774591675803,1.7195491291826293,0.5815877653184374
scaffold,200,30.0,10,3,0.3,0.709987029387069,1.0008621585014452,0.8866025968965733,1.3348732334470568,1.728327915323936,0.5773046335311687
scaffold,500,,5,5,0.5,0.7831321430940922,1.1011381822797492,0.8627418267589356,1.3350688529909054,1.7433647240479468,0.5699175647629786
scaffold,500,,10,5,0.5,0.7831321430940922,1.1011381822797492,0.8627418267589356,1.3350688529909054,1.7433647240479468,0.5699175647629785
scaffold,500,,2,5,0.5,0.7831321430940922,1.1011381822797492,0.8627418267589356,1.3350688529909056,1.7433647240479468,0.5699175647629785
scaffold,1000,30.0,5,5,0.5,0.7901437857811556,1.1067372662019308,0.8613424130714198,1.3374321557036906,1.745649444839801,0.568789559658013
scaffold,1000,30.0,2,5,0.5,0.7901437857811557,1.1067372662019308,0.8613424130714198,1.3374321557036906,1.7456494448398012,0.5687895596580129
scaffold,1000,30.0,10,5,0.5,0.7901437857811556,1.1067372662019308,0.8613424130714198,1.3374321557036906,1.7456494448398012,0.5687895596580129
scaffold,1000,,5,5,0.5,0.7810277866337437,1.0971273410408244,0.8637399178762969,1.3383036550128853,1.746294904677503,0.5684706176410874
scaffold,1000,,10,5,0.5,0.7810277866337436,1.0971273410408244,0.8637399178762969,1.3383036550128853,1.746294904677503,0.5684706176410874
scaffold,1000,,2,5,0.5,0.7810277866337437,1.0971273410408244,0.8637399178762969,1.3383036550128853,1.7462949046775031,0.5684706176410874
scaffold,500,20.0,10,3,0.3,0.7801859918428723,1.0864415244021048,0.866381287513099,1.3387226610579823,1.7215119959890715,0.5806319842673406
scaffold,200,30.0,5,5,0.5,0.7915801262268505,1.1115368445327747,0.8601371749363745,1.3398245473026398,1.7515430656797224,0.5658729592634966
scaffold,200,30.0,2,5,0.5,0.7915801262268504,1.1115368445327747,0.8601371749363745,1.33982454730264,1.7515430656797224,0.5658729592634966
scaffold,200,30.0,10,5,0.5,0.7915801262268505,1.1115368445327747,0.8601371749363745,1.3398245473026402,1.7515430656797224,0.5658729592634966
scaffold,500,20.0,2,3,0.3,0.7457373200552601,1.0451473344623348,0.8763455913762236,1.3415905994848758,1.7266481787494465,0.5781258571347897
scaffold,500,20.0,5,3,0.3,0.7457373200552602,1.0451473344623348,0.8763455913762236,1.3415905994848758,1.7266481787494465,0.5781258571347897
scaffold,200,,2,5,0.5,0.7839754146213057,1.1033413683028739,0.8621920177995984,1.3430658601376306,1.754146724369141,0.5645813452916013
scaffold,200,,5,5,0.5,0.7839754146213057,1.1033413683028739,0.8621920177995984,1.3430658601376309,1.754146724369141,0.5645813452916013
scaffold,200,,10,5,0.5,0.7839754146213057,1.1033413683028739,0.8621920177995984,1.3430658601376309,1.754146724369141,0.5645813452916013
scaffold,200,20.0,2,3,0.3,0.7468693615763332,1.04612673267735,0.8761137319106934,1.3437818200149947,1.7259479038370227,0.5784679858601374
scaffold,200,20.0,5,3,0.3,0.7468693615763333,1.04612673267735,0.8761137319106934,1.3437818200149947,1.7259479038370227,0.5784679858601374
scaffold,500,20.0,10,5,0.5,0.8342581381615775,1.1605921652925066,0.8475196643819096,1.3477386805473828,1.7572059351478817,0.5630612911799786
scaffold,500,20.0,5,5,0.5,0.8342581381615775,1.1605921652925066,0.8475196643819096,1.3477386805473828,1.757205935147882,0.5630612911799786
scaffold,500,20.0,2,5,0.5,0.8342581381615775,1.1605921652925066,0.8475196643819096,1.347738680547383,1.757205935147882,0.5630612911799786
scaffold,200,20.0,10,5,0.5,0.8334492090185777,1.1610701267092827,0.8473940479487052,1.3483999003053455,1.7571741443666102,0.563077100934534
scaffold,200,20.0,2,5,0.5,0.8334492090185777,1.1610701267092827,0.8473940479487052,1.3483999003053457,1.7571741443666102,0.563077100934534
scaffold,200,20.0,5,5,0.5,0.8334492090185777,1.1610701267092827,0.8473940479487052,1.3483999003053457,1.7571741443666102,0.563077100934534
scaffold,1000,20.0,2,5,0.5,0.8336160085792333,1.1594022858301596,0.8478321603979304,1.3505915947292324,1.754236335131879,0.5645368573433116
scaffold,1000,20.0,10,5,0.5,0.8336160085792333,1.1594022858301596,0.8478321603979304,1.3505915947292324,1.754236335131879,0.5645368573433116
scaffold,1000,20.0,5,5,0.5,0.8336160085792333,1.1594022858301598,0.8478321603979304,1.3505915947292324,1.7542363351318793,0.5645368573433116
scaffold,200,20.0,10,3,0.3,0.7825043600105813,1.0886929903884333,0.8658269093944144,1.3522074372142363,1.7426361137197917,0.5702769812609993
scaffold,500,,5,5,0.3,0.8273091484852788,1.1469420140644815,0.8510853264063606,1.3565978473915807,1.7510393022397015,0.5661226429690576
scaffold,500,,10,5,0.3,0.8273091484852788,1.1469420140644815,0.8510853264063606,1.3565978473915807,1.7510393022397015,0.5661226429690576
scaffold,500,,2,5,0.3,0.8273091484852788,1.1469420140644815,0.8510853264063606,1.3565978473915807,1.7510393022397017,0.5661226429690575
scaffold,1000,,5,5,0.3,0.8254435561811316,1.144747052218275,0.8516547523346966,1.357679098797558,1.7520557366454594,0.5656187869219577
scaffold,1000,,10,5,0.3,0.8254435561811316,1.144747052218275,0.8516547523346966,1.3576790987975582,1.7520557366454594,0.5656187869219576
scaffold,1000,,2,5,0.3,0.8254435561811315,1.144747052218275,0.8516547523346966,1.3576790987975584,1.7520557366454597,0.5656187869219576
scaffold,500,30.0,5,5,0.3,0.8356674132783887,1.1577990838454857,0.8482526996990103,1.358018120761282,1.7529951330106688,0.5651528593632839
scaffold,500,30.0,2,5,0.3,0.8356674132783887,1.1577990838454857,0.8482526996990104,1.3580181207612823,1.7529951330106688,0.5651528593632839
scaffold,500,30.0,10,5,0.3,0.8356674132783887,1.1577990838454857,0.8482526996990103,1.3580181207612823,1.7529951330106688,0.5651528593632839
scaffold,1000,30.0,2,5,0.3,0.8342111562522941,1.1553468640103823,0.8488948208960309,1.36141007897562,1.7567290857699374,0.5632984013297238
scaffold,1000,30.0,5,5,0.3,0.8342111562522939,1.1553468640103821,0.848894820896031,1.36141007897562,1.7567290857699374,0.5632984013297238
scaffold,1000,30.0,10,5,0.3,0.8342111562522939,1.1553468640103821,0.848894820896031,1.36141007897562,1.7567290857699376,0.5632984013297238
scaffold,200,,2,5,0.3,0.8313567247559771,1.149848359523824,0.8503296720952079,1.3633610945457786,1.7553280074634485,0.5639947057851981
scaffold,200,,10,5,0.3,0.8313567247559771,1.149848359523824,0.8503296720952079,1.3633610945457786,1.7553280074634485,0.5639947057851981
scaffold,200,,5,5,0.3,0.8313567247559771,1.149848359523824,0.8503296720952079,1.3633610945457786,1.7553280074634485,0.563994705785198
scaffold,1000,10.0,2,1,0.5,0.9468859286362014,1.2691423559586734,0.8176628144702648,1.369569060523412,1.7616386188692852,0.5608540894642792
scaffold,200,30.0,2,5,0.3,0.8401573583028514,1.1610057527951902,0.8474109695280081,1.371357473669436,1.765208504005488,0.5590724653777939
scaffold,200,30.0,10,5,0.3,0.8401573583028514,1.1610057527951902,0.8474109695280082,1.371357473669436,1.765208504005488,0.5590724653777939
scaffold,200,30.0,5,5,0.3,0.8401573583028514,1.1610057527951902,0.8474109695280082,1.3713574736694363,1.765208504005488,0.5590724653777938
scaffold,500,20.0,2,5,0.3,0.8827258239371472,1.2128776888260078,0.8334714944745558,1.3722445932088294,1.7660741628780134,0.5586398973012522
scaffold,500,20.0,10,5,0.3,0.8827258239371474,1.2128776888260078,0.8334714944745558,1.3722445932088294,1.7660741628780134,0.5586398973012522
scaffold,500,20.0,5,5,0.3,0.8827258239371472,1.2128776888260078,0.8334714944745558,1.3722445932088294,1.7660741628780134,0.5586398973012521
scaffold,1000,20.0,2,5,0.3,0.8799536522329233,1.209527024079186,0.8343903183026855,1.3722829384352369,1.7638529010348214,0.5597494314834781
scaffold,1000,20.0,5,5,0.3,0.8799536522329233,1.209527024079186,0.8343903183026855,1.3722829384352369,1.7638529010348214,0.5597494314834781
scaffold,1000,20.0,10,5,0.3,0.8799536522329235,1.209527024079186,0.8343903183026855,1.3722829384352369,1.7638529010348214,0.5597494314834781
scaffold,500,10.0,2,1,0.5,0.9504178813859526,1.2745589396588854,0.8161030962700435,1.3767458666637713,1.7655915922192893,0.5588810630927131
scaffold,500,10.0,5,1,0.5,0.9536028109676555,1.2817386817081875,0.8140254346009685,1.3778091179406555,1.7757278991278413,0.5538015736792151
scaffold,1000,10.0,5,1,0.5,0.9539588948769955,1.2815779209139937,0.8140720830236667,1.3784182158171916,1.7711382091972558,0.5561051538902364
scaffold,1000,10.0,10,1,0.5,0.9829079090384383,1.315829426797092,0.8040010433877474,1.3795008815577428,1.7733062808935174,0.555017734639536
scaffold,200,20.0,2,5,0.3,0.8829948026308594,1.2138577480405042,0.8332022608372213,1.3809120259743903,1.778215767438533,0.5525504128884882
scaffold,200,20.0,10,5,0.3,0.8829948026308594,1.2138577480405042,0.8332022608372213,1.3809120259743903,1.778215767438533,0.552550412888488
scaffold,200,20.0,5,5,0.3,0.8829948026308592,1.2138577480405042,0.8332022608372213,1.3809120259743906,1.778215767438533,0.552550412888488
scaffold,200,10.0,5,1,0.5,0.9505059560805492,1.2784807355873307,0.8149696599490535,1.3809166399812247,1.7801947613836717,0.5515539165343932
scaffold,200,10.0,2,1,0.5,0.9478783451813416,1.2720419543907397,0.8168286943604284,1.382916092378199,1.7784884119703435,0.5524131921554088
scaffold,500,10.0,10,1,0.5,0.9839844066705138,1.3176568527641852,0.8034562580355532,1.386054202094316,1.7831870075846306,0.5500451054149326
scaffold,500,10.0,5,3,0.5,0.993931488127906,1.3507142629602384,0.7934707623596567,1.387495870037602,1.7895957638976951,0.5468050266504203
scaffold,500,10.0,2,3,0.5,0.993931488127906,1.3507142629602384,0.7934707623596567,1.3874958700376023,1.7895957638976951,0.5468050266504202
scaffold,200,10.0,10,1,0.5,0.9845292139007874,1.3184583845086573,0.8032170698695523,1.3877225882262538,1.7888029449774578,0.54720648263123
scaffold,1000,10.0,2,3,0.5,0.9920809627719698,1.3483770976615386,0.7941848665553742,1.3894371591647865,1.7887485114193316,0.5472340393694471
scaffold,1000,10.0,5,3,0.5,0.9920809627719698,1.3483770976615386,0.7941848665553742,1.3894371591647865,1.7887485114193316,0.5472340393694471
scaffold,200,10.0,5,3,0.5,0.9974806327991333,1.3563552949511923,0.7917420905572342,1.393843896778542,1.8029441436529736,0.5400191595030152
scaffold,200,10.0,2,3,0.5,0.9974806327991333,1.3563552949511926,0.7917420905572341,1.393843896778542,1.8029441436529738,0.540019159503015
scaffold,200,10.0,5,1,0.3,1.0036107572808428,1.339253654151819,0.7969606332416003,1.4002358841760225,1.7928624842307357,0.5451489963022054
scaffold,1000,10.0,10,3,0.5,1.0087821455143664,1.3676988503020129,0.7882440930114961,1.4018748663157286,1.8000653381689269,0.541486912326195
scaffold,1000,10.0,2,1,0.3,0.9884800563070509,1.3160407923769917,0.8039380705440247,1.4028352937726625,1.7828303488200021,0.5502250801536018
scaffold,500,10.0,10,5,0.5,1.0461800307032576,1.4166650232434959,0.7728101560315929,1.4032703153172037,1.8069220759239246,0.5379871595671557
scaffold,500,10.0,2,5,0.5,1.0461800307032576,1.4166650232434959,0.7728101560315929,1.4032703153172037,1.8069220759239248,0.5379871595671557
scaffold,500,10.0,5,5,0.5,1.0461800307032576,1.4166650232434959,0.7728101560315929,1.403270315317204,1.8069220759239248,0.5379871595671557
scaffold,500,10.0,2,1,0.3,0.988932008822138,1.3182987314042358,0.8032647241662785,1.404610001520981,1.7854260295462738,0.5489144428608446
scaffold,200,10.0,2,1,0.3,0.9904700109361074,1.322083880486626,0.8021333547782783,1.4052109557428334,1.7863114714849888,0.5484669204176236
scaffold,500,10.0,10,3,0.5,1.0115834312151029,1.3713458048253824,0.7871132976177826,1.4075924066758778,1.8058713991069344,0.5385242995533189
scaffold,500,10.0,5,1,0.3,1.0041574494798458,1.3386262752453546,0.7971508179449012,1.4080520447267615,1.792628135156879,0.5452678977191655
scaffold,1000,,2,1,sqrt,0.3517374499746251,0.489409438093688,0.9728856466838368,1.4091583464805066,1.7838476578664004,0.5497116374243556
scaffold,1000,10.0,5,1,0.3,0.9996688283904164,1.3315723236809376,0.7992830310446175,1.4092669314671198,1.7925900630754232,0.54528721283919
scaffold,200,10.0,10,3,0.5,1.0128839365576485,1.3740174431419072,0.7862830033316911,1.4095797844758977,1.8158203252622962,0.5334255593232269
scaffold,200,10.0,10,5,0.5,1.0472915004057792,1.4170910733251747,0.7726734846166582,1.4101900812610315,1.8196844174287823,0.5314376920207833
scaffold,200,10.0,2,5,0.5,1.047291500405779,1.4170910733251747,0.7726734846166582,1.4101900812610317,1.819684417428782,0.5314376920207834
scaffold,200,10.0,5,5,0.5,1.047291500405779,1.4170910733251747,0.7726734846166582,1.4101900812610317,1.8196844174287825,0.5314376920207832
scaffold,1000,,5,1,sqrt,0.5380653362896697,0.7280037816439247,0.9400040629479495,1.4104658365997877,1.7824815095520237,0.5504010742452258
scaffold,1000,10.0,2,5,0.5,1.0465702173347409,1.4165886663377651,0.772834646007285,1.4107153409472857,1.8125424695692898,0.5351085268374238
scaffold,1000,10.0,5,5,0.5,1.0465702173347409,1.4165886663377651,0.772834646007285,1.4107153409472857,1.8125424695692898,0.5351085268374238
scaffold,1000,10.0,10,5,0.5,1.0465702173347409,1.4165886663377651,0.772834646007285,1.4107153409472857,1.8125424695692898,0.5351085268374238
scaffold,1000,10.0,10,1,0.3,1.023500661111342,1.3608953632970737,0.7903455721526129,1.4126613874516756,1.7918054338745892,0.5456851876527214
scaffold,200,10.0,10,1,0.3,1.027806286864729,1.3690952228410451,0.7878114815809065,1.4146364314251587,1.7986756232111836,0.5421946161091329
scaffold,500,,2,1,sqrt,0.35316823408618686,0.49141786598441645,0.9726626474550479,1.4159536016377157,1.7935168896193707,0.5448168891007487
scaffold,500,,5,1,sqrt,0.5384315017952152,0.7298892943189631,0.9396928843642592,1.4168346538126808,1.7978228292015548,0.5426286255901188
scaffold,1000,10.0,2,3,0.3,1.0427239442273837,1.4015968427946766,0.7776174062398282,1.4190591153849046,1.808283865513703,0.5372905037786831
scaffold,1000,10.0,5,3,0.3,1.0427239442273837,1.4015968427946766,0.7776174062398282,1.4190591153849046,1.808283865513703,0.5372905037786831
scaffold,500,10.0,10,1,0.3,1.0254569478630005,1.3652359310990472,0.7890060562218664,1.4194196955260772,1.8009431180042117,0.541039626703071
scaffold,200,10.0,2,3,0.3,1.0415093654544114,1.4044064178628486,0.7767249572918027,1.4196546756089028,1.8200851863523817,0.5312312761291036
scaffold,200,10.0,5,3,0.3,1.0415093654544114,1.4044064178628486,0.7767249572918027,1.4196546756089028,1.8200851863523817,0.5312312761291036
scaffold,500,10.0,5,3,0.3,1.0436780948249824,1.40441278798557,0.7767229318202153,1.4211594647167591,1.816631982574612,0.5330083559371059
scaffold,500,10.0,2,3,0.3,1.0436780948249824,1.40441278798557,0.7767229318202153,1.4211594647167596,1.816631982574612,0.5330083559371057
scaffold,200,,5,1,sqrt,0.5426659733857698,0.7360444496517772,0.9386714559629328,1.425855575053368,1.8045102254728684,0.5392197110021848
scaffold,1000,10.0,10,3,0.3,1.05492809361417,1.415279951185257,0.773254185454569,1.4258630444134308,1.814784189560412,0.5339578768671966
scaffold,200,,2,1,sqrt,0.3576352109582681,0.4967623833979383,0.9720647878152711,1.4285525304223456,1.8084331233024673,0.5372141154993513
scaffold,500,,10,1,sqrt,0.6690990277208337,0.8808602368723559,0.9121648025514262,1.428685035754905,1.8078139461131464,0.537530961508394
scaffold,1000,,10,1,sqrt,0.6666887915830259,0.8772128723515563,0.9128906923126706,1.429918428048626,1.8028656938943597,0.5400591880318599
scaffold,500,10.0,10,3,0.3,1.0552762027448366,1.417992487799996,0.7723841869294624,1.4306464979507303,1.817379624776527,0.5326238922593479
scaffold,1000,10.0,5,5,0.3,1.096901605654016,1.469805444631105,0.7554462797568142,1.4337166750886736,1.8232026684370972,0.529624066038232
scaffold,1000,10.0,10,5,0.3,1.096901605654016,1.4698054446311053,0.7554462797568142,1.4337166750886736,1.8232026684370972,0.529624066038232
scaffold,1000,10.0,2,5,0.3,1.096901605654016,1.469805444631105,0.7554462797568142,1.4337166750886736,1.8232026684370977,0.5296240660382319
scaffold,500,10.0,2,5,0.3,1.0984493699217452,1.4717106641234898,0.7548118685919114,1.4358479929046124,1.8257597152668759,0.528303733682399
scaffold,500,10.0,10,5,0.3,1.098449369921745,1.4717106641234898,0.7548118685919114,1.4358479929046126,1.8257597152668756,0.5283037336823992
scaffold,500,10.0,5,5,0.3,1.098449369921745,1.4717106641234898,0.7548118685919114,1.4358479929046128,1.8257597152668759,0.528303733682399
scaffold,500,30.0,2,1,sqrt,0.684656645647203,0.9128308510106484,0.9056731809092583,1.438930423128053,1.8093813590272596,0.5367286729897254
scaffold,200,10.0,5,5,0.3,1.1024852203918092,1.4783462112797097,0.7525959097022762,1.4402454609386883,1.8347583329582624,0.523642578611467
scaffold,200,10.0,10,5,0.3,1.1024852203918092,1.4783462112797099,0.7525959097022762,1.4402454609386883,1.8347583329582624,0.523642578611467
scaffold,200,10.0,2,5,0.3,1.1024852203918092,1.4783462112797097,0.7525959097022763,1.4402454609386883,1.8347583329582626,0.5236425786114669
scaffold,1000,30.0,2,1,sqrt,0.6846679873891364,0.9128216713371995,0.9056750780516303,1.4403960491688073,1.808610301306269,0.5371234298170033
scaffold,200,,10,1,sqrt,0.6718653063083885,0.8856134408559685,0.9112143111485713,1.441803327926098,1.8127404112865912,0.5350069827988398
scaffold,200,10.0,10,3,0.3,1.0618010022839346,1.4270362233608784,0.7694715317098793,1.4438050977105694,1.8403250161725235,0.5207476430673748
scaffold,200,30.0,2,1,sqrt,0.6803198159579673,0.9082558500896607,0.9066163213752482,1.4484710469957511,1.8134746929649515,0.5346301996662941
scaffold,500,30.0,5,1,sqrt,0.7923414547406377,1.0422778147828335,0.8770236616246042,1.452124413554448,1.8298348472588601,0.5261957128393664
scaffold,1000,30.0,5,1,sqrt,0.794401545435574,1.0446027685155248,0.8764744161551278,1.4546804576139296,1.828308286636389,0.5269859363524281
scaffold,1000,,2,1,log2,0.39402081657961935,0.5270746839596507,0.9685515761378289,1.4557365103636364,1.84728132743607,0.517117708823142
scaffold,500,,2,1,log2,0.39360586893934396,0.5275083760939125,0.9684998015194234,1.459256848956158,1.8511897239759636,0.5150722250342803
scaffold,500,30.0,10,1,sqrt,0.875924673056284,1.1326715327319326,0.8547679253238456,1.4642684527125587,1.8400704635142175,0.520880213698377
scaffold,200,30.0,10,1,sqrt,0.877778628935571,1.1360460209582106,0.853901276965364,1.4656446922665436,1.8407686272691453,0.5205165672676028
scaffold,200,30.0,5,1,sqrt,0.7959330675289154,1.0484989968899043,0.8755512299230481,1.466395464668057,1.8481455033307594,0.5166658092265164
scaffold,200,,2,1,log2,0.3946759030616277,0.5303741680444887,0.9681566098955009,1.4673011101310243,1.8609884133530445,0.5099250137312632
scaffold,1000,30.0,10,1,sqrt,0.880724369258368,1.138501611969745,0.8532690025023935,1.470572157539607,1.843116590004622,0.5192925924349696
scaffold,200,,5,1,log2,0.6791848740402429,0.8811389633609337,0.9121092071947619,1.4834804438022584,1.8662252879042862,0.5071629629275664
scaffold,500,,5,1,log2,0.6782573992465737,0.881707450375855,0.9119957610881217,1.4835801141839324,1.8684458490833473,0.5059894434389721
scaffold,1000,,5,1,log2,0.6785148214712725,0.8810919111747731,0.9121185935542391,1.4874983997534372,1.8728701524762683,0.5036471328046006
scaffold,200,,10,1,log2,0.8516128427164259,1.0815652830567994,0.867578029158423,1.4932334861126586,1.890136012200544,0.49445326328262273
scaffold,500,,10,1,log2,0.8531159163705017,1.0834700902361476,0.8671111864435805,1.501412740392562,1.8891884986184848,0.49495999119355216
scaffold,1000,,10,1,log2,0.8528833402437421,1.0829791080460784,0.8672315981798147,1.5060657726794309,1.896206661770754,0.49120066612552205
scaffold,200,20.0,2,1,sqrt,1.028140085125903,1.3066270346909166,0.8067329357953562,1.5171859449418887,1.894587599588545,0.4920691643626649
scaffold,200,,5,3,sqrt,1.1942436991166863,1.5122063520117817,0.7411330026946231,1.526156801372378,1.9091418858394407,0.48423530567071615
scaffold,200,,2,3,sqrt,1.1942436991166863,1.5122063520117817,0.7411330026946231,1.5261568013723785,1.9091418858394407,0.48423530567071615
scaffold,500,,2,3,sqrt,1.18785090737997,1.5028836881464296,0.7443149639120652,1.5278872344175896,1.914151828638759,0.48152482928328333
scaffold,500,,5,3,sqrt,1.18785090737997,1.5028836881464298,0.7443149639120652,1.5278872344175896,1.914151828638759,0.4815248292832832
scaffold,500,20.0,2,1,sqrt,1.0294406449104188,1.3084910305606794,0.8061811242068744,1.528491623068229,1.909083906495658,0.48426663204270337
scaffold,200,20.0,5,1,sqrt,1.0863317403367745,1.3749717506120314,0.7859860310427961,1.529965205363932,1.9139348161650356,0.4816423844318176
scaffold,500,20.0,5,1,sqrt,1.0882872811913393,1.376656926803172,0.7854611151623081,1.531025547653948,1.9159742528764876,0.4805371004053859
scaffold,200,,10,3,sqrt,1.2028335647018265,1.521990149547408,0.737772488529177,1.5340702240885726,1.9153839720076964,0.48085712743861186
scaffold,1000,20.0,2,1,sqrt,1.028324345166344,1.3072476081431577,0.8065493104951964,1.536788947842644,1.9170416233063234,0.47995816383615375
scaffold,500,,10,3,sqrt,1.1957457639636293,1.512012756899274,0.7411992795985319,1.5373085646467026,1.9214306713148057,0.4775741765244703
scaffold,1000,,10,3,sqrt,1.1967659608519097,1.511281967068138,0.7414493875804383,1.537435028546791,1.9206215195821763,0.47801409117596205
scaffold,1000,20.0,5,1,sqrt,1.087909092735805,1.3765419815739113,0.78549693990747,1.5381909483386396,1.916221587330282,0.4804029760921803
scaffold,1000,,2,3,sqrt,1.1882514035724756,1.50145088013169,0.7448022576913387,1.540399039735897,1.9258505469793905,0.475167935190256
scaffold,1000,,5,3,sqrt,1.1882514035724756,1.50145088013169,0.7448022576913387,1.540399039735897,1.9258505469793907,0.4751679351902559
scaffold,200,30.0,2,3,sqrt,1.2326843130470226,1.5558498214158494,0.7259751687741658,1.5443779711642098,1.929559737953936,0.4731443336841089
scaffold,200,30.0,5,3,sqrt,1.2326843130470226,1.5558498214158494,0.7259751687741658,1.54437797116421,1.929559737953936,0.4731443336841089
scaffold,500,30.0,2,3,sqrt,1.2360275978842055,1.55591163712843,0.7259533936947492,1.5464826209852063,1.9333660272844173,0.47106371086202703
scaffold,500,30.0,5,3,sqrt,1.2360275978842055,1.5559116371284303,0.7259533936947491,1.5464826209852063,1.9333660272844173,0.47106371086202703
scaffold,500,20.0,10,1,sqrt,1.1341740725334746,1.4262895470259829,0.7697127100579161,1.5536565251508345,1.9350695065283776,0.4701312139373708
scaffold,1000,20.0,10,1,sqrt,1.1371779478258437,1.4300480383371577,0.7684974264069669,1.554736651174132,1.9322243792849008,0.4716881976474415
scaffold,1000,30.0,2,3,sqrt,1.2375980450146449,1.5554855614572687,0.7261034646902171,1.5555960133373485,1.9421343571530472,0.4662550974640369
scaffold,1000,30.0,5,3,sqrt,1.2375980450146447,1.5554855614572687,0.7261034646902171,1.5555960133373485,1.9421343571530472,0.4662550974640369
scaffold,500,30.0,10,3,sqrt,1.2420197640708381,1.5625046514239413,0.7236259848634982,1.5567605637278021,1.946286238905355,0.46397058564654403
scaffold,200,20.0,10,1,sqrt,1.1299703161572432,1.4237493225813984,0.7705322638124829,1.5599440162356168,1.9424833908671881,0.46606323462489263
scaffold,1000,30.0,10,3,sqrt,1.2434188525955552,1.5619611480264548,0.7238182199284249,1.5600045822181936,1.9437169894706439,0.46538485271693786
scaffold,200,30.0,10,3,sqrt,1.2443974745637016,1.5687726067559298,0.7214042000859322,1.5608405581314575,1.9517578936794424,0.46095243691062404
scaffold,200,20.0,2,3,sqrt,1.3625492559055912,1.6886135530607613,0.677213686731429,1.6008327856006679,1.992026619187023,0.4384796848764032
scaffold,200,20.0,5,3,sqrt,1.3625492559055912,1.6886135530607613,0.6772136867314291,1.6008327856006679,1.992026619187023,0.4384796848764032
scaffold,200,20.0,10,3,sqrt,1.3708523093946514,1.6972882301594068,0.6738887587396722,1.6008373101884759,1.986480754165749,0.4416019132100534
scaffold,500,20.0,2,3,sqrt,1.3638325422112603,1.688591574010868,0.6772220894714166,1.6020210085716284,1.991620170275769,0.43870880434179216
scaffold,500,20.0,5,3,sqrt,1.3638325422112603,1.688591574010868,0.6772220894714166,1.6020210085716284,1.991620170275769,0.43870880434179216
scaffold,200,,10,5,sqrt,1.406303182749642,1.7430517871335771,0.6560659679191697,1.6035073008757363,1.9952318510469764,0.4366712243311254
scaffold,200,,2,5,sqrt,1.406303182749642,1.7430517871335771,0.6560659679191697,1.6035073008757366,1.9952318510469766,0.43667122433112526
scaffold,200,,5,5,sqrt,1.406303182749642,1.7430517871335771,0.6560659679191697,1.6035073008757366,1.9952318510469766,0.43667122433112526
scaffold,500,20.0,10,3,sqrt,1.3703178047757778,1.696208405936338,0.6743035743188555,1.6039489401873908,1.9932454748822275,0.4377923229584886
scaffold,1000,20.0,2,3,sqrt,1.3633775007653788,1.687422150316846,0.6776690103693472,1.6079880148265162,1.996381872209757,0.436021648978941
scaffold,1000,20.0,5,3,sqrt,1.3633775007653788,1.687422150316846,0.6776690103693472,1.6079880148265162,1.996381872209757,0.436021648978941
scaffold,500,,10,5,sqrt,1.405615052697459,1.7417261977423693,0.6565888920754874,1.6089529576338342,2.0025402010745523,0.4325368236362508
scaffold,500,,5,5,sqrt,1.405615052697459,1.7417261977423693,0.6565888920754874,1.6089529576338344,2.0025402010745523,0.4325368236362508
scaffold,500,,2,5,sqrt,1.405615052697459,1.7417261977423693,0.6565888920754874,1.6089529576338344,2.0025402010745523,0.4325368236362507
scaffold,1000,,2,5,sqrt,1.4048478913078248,1.7402024629439456,0.6571894899971115,1.6095426516016578,2.000339086688363,0.43378360500532687
scaffold,1000,,5,5,sqrt,1.4048478913078248,1.7402024629439456,0.6571894899971116,1.6095426516016578,2.000339086688363,0.43378360500532687
scaffold,1000,,10,5,sqrt,1.4048478913078246,1.7402024629439456,0.6571894899971116,1.6095426516016578,2.000339086688363,0.43378360500532687
scaffold,1000,20.0,10,3,sqrt,1.3668169018703917,1.69289880269269,0.6755733172712198,1.6105517818625112,1.9993797391565942,0.4343265809914445
scaffold,200,30.0,2,5,sqrt,1.41712376204145,1.7558341479658,0.6510031136365919,1.611202818586558,2.0008887825808324,0.4334723681813568
scaffold,200,30.0,5,5,sqrt,1.41712376204145,1.7558341479658,0.6510031136365919,1.611202818586558,2.0008887825808324,0.4334723681813568
scaffold,200,30.0,10,5,sqrt,1.41712376204145,1.7558341479658,0.6510031136365919,1.611202818586558,2.0008887825808324,0.4334723681813568
scaffold,500,30.0,10,5,sqrt,1.4205510208815106,1.7578183768579234,0.6502138807929907,1.611321004906983,2.007283431223248,0.4298454458293385
scaffold,500,30.0,2,5,sqrt,1.4205510208815106,1.7578183768579234,0.6502138807929907,1.6113210049069835,2.0072834312232484,0.42984544582933837
scaffold,500,30.0,5,5,sqrt,1.4205510208815106,1.7578183768579234,0.6502138807929907,1.6113210049069835,2.0072834312232484,0.42984544582933837
scaffold,1000,30.0,2,5,sqrt,1.419332582741895,1.7556827212369661,0.6510633074517083,1.6176115838571283,2.008331983341432,0.42924962273502665
scaffold,1000,30.0,5,5,sqrt,1.419332582741895,1.7556827212369663,0.6510633074517083,1.6176115838571283,2.008331983341432,0.42924962273502665
scaffold,1000,30.0,10,5,sqrt,1.419332582741895,1.7556827212369663,0.6510633074517083,1.6176115838571283,2.0083319833414324,0.42924962273502654
scaffold,200,20.0,2,5,sqrt,1.4928570952217945,1.83288562340668,0.6197008981429173,1.642860212405452,2.043329808712732,0.4091841477913031
scaffold,200,20.0,10,5,sqrt,1.4928570952217945,1.83288562340668,0.6197008981429173,1.642860212405452,2.043329808712732,0.4091841477913031
scaffold,200,20.0,5,5,sqrt,1.4928570952217945,1.8328856234066795,0.6197008981429174,1.642860212405452,2.043329808712732,0.40918414779130297
scaffold,500,20.0,5,5,sqrt,1.4969269431363081,1.836104194474272,0.6183641050905929,1.6469733892257252,2.0519684683790334,0.404177960408471
scaffold,500,20.0,10,5,sqrt,1.4969269431363081,1.8361041944742718,0.618364105090593,1.6469733892257252,2.0519684683790334,0.40417796040847087
scaffold,500,20.0,2,5,sqrt,1.496926943136308,1.836104194474272,0.6183641050905929,1.6469733892257257,2.0519684683790334,0.404177960408471
scaffold,1000,20.0,5,5,sqrt,1.4895547497898103,1.8286730262666826,0.6214470036968298,1.649815553436834,2.0476792191124074,0.40666626201505085
scaffold,1000,20.0,10,5,sqrt,1.4895547497898103,1.8286730262666826,0.6214470036968298,1.6498155534368344,2.0476792191124074,0.40666626201505074
scaffold,1000,20.0,2,5,sqrt,1.4895547497898103,1.8286730262666824,0.6214470036968298,1.6498155534368344,2.047679219112408,0.40666626201505063
scaffold,500,30.0,2,1,log2,1.293077167955554,1.5568744954600804,0.7256141074554465,1.656840200471982,2.0619649575999497,0.3983585369621304
scaffold,1000,30.0,2,1,log2,1.306761232933714,1.572152363455453,0.7202024959109367,1.6613253067268299,2.0624781626951276,0.39805901306607316
scaffold,200,30.0,2,1,log2,1.286501621251696,1.5513542139378391,0.7275564631541706,1.6731166771697306,2.0869972673875936,0.38366197995635465
scaffold,500,30.0,10,1,log2,1.450301963046083,1.7455631578387387,0.6550741808741353,1.6763350422876646,2.077769904307104,0.38910003419905326
scaffold,200,30.0,10,1,log2,1.4444025646948762,1.7389351131405615,0.6576886303416813,1.6764492994317124,2.081757232703714,0.38675309863691376
scaffold,1000,30.0,5,1,log2,1.3945567573814406,1.6795620244178835,0.6806648954330415,1.6801133310619358,2.0819008126583105,0.3866685037597607
scaffold,500,30.0,5,1,log2,1.3809194619698248,1.666292688597644,0.6856907606118254,1.6832838382757485,2.0876284564818417,0.38328911443231284
scaffold,1000,30.0,10,1,log2,1.460088019838103,1.7556304503171412,0.6510840845205333,1.686843839801027,2.0897645452944187,0.3820264154269768
scaffold,200,30.0,5,1,log2,1.3792168223737655,1.663492216066275,0.6867463671405469,1.6970827574697043,2.1097940814203167,0.37012359893951086
scaffold,500,10.0,2,1,sqrt,1.66989952854268,1.9842171735526488,0.5543099089862725,1.7360211902123128,2.1446505733041104,0.3491389478795618
scaffold,200,10.0,2,1,sqrt,1.671389286256885,1.9857012788225175,0.5536429473356664,1.7361208395376184,2.14339947756197,0.3498980943723782
scaffold,500,10.0,5,1,sqrt,1.6803870375947632,1.9978601435347214,0.5481599363707441,1.7379934462006361,2.1480687802303153,0.34706257166978727
scaffold,1000,10.0,2,1,sqrt,1.6586516514073326,1.9722585808886677,0.5596659408500935,1.738546553153205,2.1430089485146278,0.3501349709337809
scaffold,1000,10.0,5,1,sqrt,1.6712974532681735,1.986959628011549,0.5530770505325702,1.7393268724750703,2.1461237705157865,0.34824446555855537
scaffold,500,10.0,10,1,sqrt,1.694310164232497,2.0136868549985603,0.540972779241248,1.743286095238056,2.148219266168668,0.3469710835905514
scaffold,200,10.0,10,1,sqrt,1.6962553134217386,2.0147562186678885,0.5404851191378062,1.743321001406232,2.143117475539181,0.3500691478732989
scaffold,1000,10.0,10,1,sqrt,1.68521746216429,2.0043279375439425,0.54522966228589,1.745855189679895,2.1521205375475594,0.34459706490114383
scaffold,200,10.0,5,1,sqrt,1.6861983916870893,2.0044389362059296,0.5451792909910536,1.7472707994903487,2.1554977641309847,0.3425384618571523
scaffold,500,10.0,2,3,sqrt,1.7538181266342352,2.0863907737081338,0.5072281648655119,1.7480189219536475,2.1624125019155795,0.338313483131253
scaffold,500,10.0,5,3,sqrt,1.7538181266342352,2.0863907737081338,0.5072281648655119,1.7480189219536477,2.1624125019155795,0.338313483131253
scaffold,500,,2,3,log2,1.7408159467769884,2.0770634634045817,0.511624236805919,1.7481280123652123,2.163652866650513,0.3375541756379531
scaffold,500,,5,3,log2,1.7408159467769884,2.0770634634045813,0.511624236805919,1.7481280123652123,2.163652866650513,0.3375541756379531
scaffold,200,10.0,2,3,sqrt,1.7511231117440933,2.083693276157647,0.5085015519412627,1.7494902965293015,2.158124424241092,0.3409351382719007
scaffold,200,10.0,5,3,sqrt,1.7511231117440937,2.083693276157647,0.5085015519412627,1.7494902965293015,2.158124424241092,0.3409351382719006
scaffold,500,,10,3,log2,1.7425999812725705,2.0801157510532575,0.5101878256259522,1.7499691248129456,2.1645344755181726,0.3370142210962217
scaffold,500,10.0,10,3,sqrt,1.759708100939327,2.09268789188944,0.5042491205722159,1.750964326348831,2.1666435630935323,0.33572158628456994
scaffold,200,,5,3,log2,1.74121156051504,2.0788039104089733,0.5108054382774103,1.7512046261377396,2.167205454893332,0.33537699707848545
scaffold,200,,2,3,log2,1.7412115605150396,2.0788039104089733,0.5108054382774103,1.7512046261377396,2.1672054548933324,0.33537699707848534
scaffold,200,,10,3,log2,1.7440514862135903,2.081711743719823,0.5094359092615863,1.752782095768927,2.1680208066881947,0.3348768105410833
scaffold,200,10.0,10,3,sqrt,1.7542257738763702,2.088274403757778,0.5063379971697035,1.7530343252620846,2.168053375673772,0.3348568268304022
scaffold,1000,10.0,2,3,sqrt,1.7459057606098596,2.0777461478693575,0.5113031475912357,1.7541497681736948,2.1665518664763277,0.3357778122328503
scaffold,1000,10.0,5,3,sqrt,1.7459057606098596,2.0777461478693575,0.5113031475912357,1.7541497681736953,2.1665518664763277,0.3357778122328502
scaffold,1000,,10,3,log2,1.7424033305504065,2.0787033594544404,0.5108527614426795,1.7588656811554213,2.1735749507036406,0.3314645536558315
scaffold,200,10.0,2,5,sqrt,1.8006594493985613,2.141263408197098,0.4809672508900876,1.7599978147911082,2.173039196395715,0.3317940813800533
scaffold,200,10.0,5,5,sqrt,1.8006594493985613,2.141263408197098,0.4809672508900876,1.7599978147911082,2.173039196395715,0.3317940813800533
scaffold,200,10.0,10,5,sqrt,1.8006594493985613,2.141263408197098,0.4809672508900876,1.7599978147911086,2.173039196395715,0.3317940813800532
scaffold,1000,,2,3,log2,1.743022078364515,2.0780981687503877,0.5111375392276885,1.7602163704763827,2.1753928283437314,0.33034582171972615
scaffold,1000,,5,3,log2,1.743022078364515,2.0780981687503877,0.5111375392276885,1.7602163704763827,2.1753928283437314,0.33034582171972615
scaffold,1000,10.0,10,3,sqrt,1.7511812471363906,2.0833677834534265,0.5086550934108026,1.760654377720468,2.173860840074957,0.33128867773507364
scaffold,500,10.0,5,5,sqrt,1.7989344591675205,2.1388875886248195,0.4821183881636564,1.7617743050546615,2.1791384176489697,0.32803781661233233
scaffold,500,10.0,2,5,sqrt,1.7989344591675205,2.1388875886248195,0.4821183881636564,1.7617743050546615,2.17913841764897,0.3280378166123322
scaffold,500,10.0,10,5,sqrt,1.7989344591675205,2.1388875886248195,0.48211838816365626,1.7617743050546615,2.17913841764897,0.3280378166123322
scaffold,1000,10.0,2,5,sqrt,1.7927077168299475,2.131522378564798,0.4856788741273139,1.7725188053690628,2.189217386620929,0.32180751156767395
scaffold,1000,10.0,5,5,sqrt,1.7927077168299475,2.131522378564798,0.4856788741273139,1.7725188053690628,2.189217386620929,0.32180751156767395
scaffold,1000,10.0,10,5,sqrt,1.7927077168299475,2.131522378564798,0.4856788741273139,1.7725188053690633,2.189217386620929,0.32180751156767395
scaffold,200,20.0,5,1,log2,1.703342228110348,2.0127935733925613,0.541379942474111,1.772618541175052,2.1930301304241433,0.3194431726789839
scaffold,500,20.0,5,1,log2,1.714957830674016,2.022768348083796,0.5368231245027458,1.776288544932245,2.192446170102762,0.31980556192827647
scaffold,500,20.0,2,1,log2,1.6723179396059134,1.9681864530219235,0.5614823816601335,1.7827014174193712,2.196390332729373,0.3173560508159542
scaffold,200,20.0,2,1,log2,1.6661325630696477,1.9642035805666895,0.5632553768446639,1.7838055586344215,2.201087624480701,0.31443306704198315
scaffold,500,30.0,10,3,log2,1.81440705090249,2.1544747651289153,0.4745427439971802,1.7844617558366016,2.2054589173170527,0.31170733310944576
scaffold,500,30.0,2,3,log2,1.811472058601865,2.149795608460703,0.47682267498095743,1.7860539384042264,2.2062664767869293,0.3112031849517968
scaffold,500,30.0,5,3,log2,1.811472058601865,2.149795608460703,0.4768226749809573,1.7860539384042264,2.2062664767869298,0.31120318495179666
scaffold,1000,20.0,2,1,log2,1.6858575734919885,1.982357289271273,0.5551450428723331,1.7868763393852356,2.202239642755799,0.31371524708050125
scaffold,200,30.0,2,3,log2,1.8141524759565903,2.154741832386974,0.47441246525953473,1.7894648726161884,2.211027534145502,0.3082271713066671
scaffold,200,30.0,5,3,log2,1.8141524759565903,2.154741832386974,0.4744124652595346,1.789464872616189,2.2110275341455026,0.308227171306667
scaffold,1000,20.0,5,1,log2,1.7287623811615676,2.0369758067486483,0.5302937792023428,1.7895126372324601,2.206759698583894,0.31089518264966864
scaffold,200,30.0,10,3,log2,1.8174699655050428,2.1591060367805865,0.472281263933245,1.790061855594735,2.2133382310772096,0.3067805021946717
scaffold,1000,30.0,10,3,log2,1.820151381506412,2.1586472096548395,0.4725055289200494,1.7966120921509365,2.217563750790149,0.30413110255410947
scaffold,500,20.0,10,1,log2,1.746912859626915,2.0611487667768973,0.5190795465976265,1.7978117363347328,2.216348153121175,0.30489379969197894
scaffold,200,20.0,10,1,log2,1.7419609302546057,2.0587211068735876,0.520211753803429,1.797853328487389,2.2213792313395957,0.30173445590357606
scaffold,1000,30.0,2,3,log2,1.8214517594573825,2.158467382702951,0.472593411526682,1.7990429372251273,2.2200951190470253,0.3025415150427436
scaffold,1000,30.0,5,3,log2,1.8214517594573825,2.158467382702951,0.472593411526682,1.7990429372251273,2.2200951190470253,0.3025415150427436
scaffold,1000,20.0,10,1,log2,1.7620616539744394,2.0770787830781,0.5116170326111801,1.8026147824203058,2.223311538112102,0.30051912980229756
scaffold,200,,10,5,log2,1.9148942973953957,2.2620618523141154,0.42075336190592594,1.8281415123879174,2.2591965485856704,0.2777571854589145
scaffold,200,,2,5,log2,1.9148942973953957,2.2620618523141154,0.42075336190592594,1.8281415123879174,2.2591965485856704,0.27775718545891437
scaffold,200,,5,5,log2,1.9148942973953957,2.2620618523141154,0.42075336190592594,1.8281415123879174,2.2591965485856704,0.27775718545891437
scaffold,200,20.0,10,3,log2,1.9252318352610787,2.271345349094184,0.4159891519589116,1.840020094781716,2.272418523875771,0.26927857755076423
scaffold,200,20.0,5,3,log2,1.9316036610350995,2.276906991744056,0.4131256188902268,1.8400753853402962,2.2739525948563757,0.2682916493999461
scaffold,200,20.0,2,3,log2,1.9316036610351,2.276906991744056,0.4131256188902268,1.8400753853402965,2.2739525948563757,0.268291649399946
scaffold,1000,,10,5,log2,1.9320853299945262,2.2780240435857384,0.4125496358378511,1.842859561304978,2.271748235889858,0.2697095910713124
scaffold,1000,,2,5,log2,1.9320853299945262,2.2780240435857384,0.4125496358378511,1.842859561304978,2.271748235889858,0.2697095910713123
scaffold,1000,,5,5,log2,1.9320853299945262,2.2780240435857384,0.4125496358378511,1.842859561304978,2.271748235889858,0.2697095910713123
scaffold,200,30.0,5,5,log2,1.9342963241346465,2.283610191688329,0.40966502337622845,1.8438436754171361,2.277048326546757,0.2662980153869594
scaffold,200,30.0,2,5,log2,1.9342963241346465,2.2836101916883296,0.40966502337622845,1.8438436754171363,2.277048326546757,0.2662980153869593
scaffold,200,30.0,10,5,log2,1.9342963241346465,2.2836101916883296,0.40966502337622845,1.8438436754171363,2.2770483265467574,0.2662980153869592
scaffold,500,20.0,5,3,log2,1.9368909262893494,2.2789197904824974,0.4120875596822804,1.8446672289716541,2.275323256904205,0.2674092852440846
scaffold,500,20.0,2,3,log2,1.9368909262893494,2.2789197904824974,0.4120875596822804,1.8446672289716546,2.275323256904205,0.2674092852440846
scaffold,500,20.0,10,3,log2,1.9327806571404988,2.2754633765169427,0.4138695686576944,1.8461528938176612,2.2763910797162263,0.26672150548499085
scaffold,500,,2,5,log2,1.9448481320872397,2.290410926472366,0.4061436783969169,1.8470474558611423,2.279000533163358,0.2650394106808812
scaffold,500,,5,5,log2,1.9448481320872397,2.290410926472366,0.4061436783969169,1.8470474558611425,2.279000533163358,0.2650394106808812
scaffold,500,,10,5,log2,1.9448481320872402,2.290410926472366,0.4061436783969169,1.8470474558611425,2.279000533163358,0.2650394106808812
scaffold,1000,30.0,10,5,log2,1.9510804528341843,2.2981065313723423,0.40214635099109686,1.853618306593026,2.2848874023847507,0.26123756435834655
scaffold,1000,30.0,5,5,log2,1.9510804528341843,2.2981065313723423,0.40214635099109686,1.8536183065930265,2.2848874023847507,0.26123756435834655
scaffold,1000,30.0,2,5,log2,1.9510804528341843,2.2981065313723423,0.40214635099109686,1.8536183065930265,2.2848874023847507,0.26123756435834644
scaffold,1000,20.0,10,3,log2,1.9450860010743147,2.2878598671864903,0.40746581582091923,1.8557036764459751,2.2853595868929477,0.2609321941934758
scaffold,1000,20.0,2,3,log2,1.947475761553997,2.289548587571578,0.4065907676051699,1.8569530020152187,2.2879946541087395,0.259226890479606
scaffold,1000,20.0,5,3,log2,1.947475761553997,2.289548587571578,0.40659076760516977,1.8569530020152187,2.28799465410874,0.2592268904796058
scaffold,500,30.0,2,5,log2,1.9610545288201335,2.3082206936198255,0.39687236134837334,1.8592021922135131,2.2935245112623495,0.2556418124010469
scaffold,500,30.0,5,5,log2,1.9610545288201335,2.3082206936198255,0.39687236134837334,1.8592021922135131,2.2935245112623495,0.2556418124010469
scaffold,500,30.0,10,5,log2,1.9610545288201335,2.3082206936198255,0.39687236134837334,1.8592021922135131,2.2935245112623495,0.2556418124010469
scaffold,200,20.0,5,5,log2,1.9969002500158586,2.3504449338675713,0.37460452840281033,1.8650384324537306,2.305175566087896,0.24805995642839773
scaffold,200,20.0,10,5,log2,1.9969002500158586,2.3504449338675713,0.37460452840281033,1.8650384324537306,2.305175566087896,0.24805995642839773
scaffold,200,20.0,2,5,log2,1.9969002500158586,2.3504449338675713,0.37460452840281033,1.865038432453731,2.3051755660878963,0.2480599564283975
scaffold,500,20.0,2,5,log2,2.0181070847637295,2.3678214479082382,0.36532342348219016,1.8831103125694189,2.322402875623039,0.236778986428685
scaffold,500,20.0,10,5,log2,2.0181070847637295,2.3678214479082382,0.36532342348219005,1.8831103125694189,2.322402875623039,0.236778986428685
scaffold,500,20.0,5,5,log2,2.0181070847637295,2.3678214479082382,0.36532342348219016,1.8831103125694193,2.322402875623039,0.236778986428685
scaffold,1000,20.0,2,5,log2,2.0195342110241086,2.3693538322282333,0.3645016696765474,1.8870292882192228,2.3242963873751767,0.2355339336308201
scaffold,1000,20.0,10,5,log2,2.0195342110241086,2.3693538322282333,0.3645016696765474,1.8870292882192228,2.3242963873751767,0.2355339336308201
scaffold,1000,20.0,5,5,log2,2.0195342110241086,2.3693538322282337,0.3645016696765474,1.8870292882192228,2.324296387375177,0.23553393363081998
scaffold,200,10.0,2,1,log2,2.111794747989987,2.455209637611447,0.3176114506951452,1.9510807121613187,2.3972996991246474,0.18675788755209066
scaffold,200,10.0,5,1,log2,2.1224386869186267,2.469515977267004,0.30963581808604,1.9512126991850203,2.4019672578850493,0.1835880288767544
scaffold,500,10.0,5,1,log2,2.1276283461163135,2.473910599424558,0.3071765594825422,1.9525842567911575,2.401461408009659,0.18393186237897363
scaffold,500,10.0,2,1,log2,2.1171219192595436,2.4598281244930544,0.315041758275015,1.9556832002189333,2.4007346484687875,0.18442572462442552
scaffold,200,10.0,10,1,log2,2.128387213856952,2.4780930741619565,0.30483195897383875,1.9567115525745766,2.4078238611099807,0.17960193780974354
scaffold,1000,10.0,5,1,log2,2.1350831083267603,2.4813008621845856,0.3030310621240141,1.9592833538732572,2.405419776178823,0.18123936821212194
scaffold,1000,10.0,2,1,log2,2.1241044190106466,2.4666026551724243,0.31126372160347493,1.9613204130679798,2.4058168199368626,0.18096905312540446
scaffold,500,10.0,10,1,log2,2.1367057829602425,2.4853999992408706,0.3007263588788306,1.9615416622024735,2.4107795256878273,0.1775865829524903
scaffold,1000,10.0,10,1,log2,2.142600147739467,2.4910326437308625,0.29755324950837525,1.9671391605364743,2.4153534088883903,0.17446295321668626
scaffold,200,10.0,2,3,log2,2.1801643616514417,2.540042878325371,0.269640527637687,1.9687273517873123,2.424898971034744,0.16792495625129988
scaffold,200,10.0,5,3,log2,2.1801643616514417,2.5400428783253712,0.26964052763768676,1.9687273517873123,2.4248989710347444,0.16792495625129977
scaffold,200,10.0,10,3,log2,2.1783713028337224,2.53892996716567,0.2702803964729872,1.9699016053848497,2.4270789935089603,0.166428186531266
scaffold,500,10.0,5,3,log2,2.183361939961418,2.5418881564636444,0.26857896610249465,1.9714904522027992,2.4241693083938296,0.16842563090741625
scaffold,500,10.0,2,3,log2,2.183361939961418,2.5418881564636444,0.26857896610249465,1.9714904522027992,2.4241693083938296,0.16842563090741614
scaffold,500,10.0,10,3,log2,2.1835573364551597,2.542617520799427,0.2681591608864651,1.9728957192494363,2.4252718150311776,0.16766906267502146
scaffold,200,10.0,10,5,log2,2.1905803068821195,2.554276416156442,0.2614322206259263,1.9753240064133477,2.4347232901454388,0.16116910355784053
scaffold,200,10.0,5,5,log2,2.1905803068821195,2.5542764161564415,0.2614322206259263,1.9753240064133477,2.4347232901454388,0.16116910355784042
scaffold,200,10.0,2,5,log2,2.1905803068821195,2.554276416156442,0.2614322206259262,1.9753240064133482,2.4347232901454388,0.16116910355784042
scaffold,1000,10.0,5,3,log2,2.189581505808876,2.547620323580226,0.26527641720909934,1.9778243564064584,2.4286402468324435,0.16535542759337551
scaffold,1000,10.0,2,3,log2,2.189581505808876,2.547620323580226,0.26527641720909934,1.9778243564064584,2.428640246832444,0.1653554275933754
scaffold,1000,10.0,10,3,log2,2.188779325015069,2.546982358135675,0.2656443445365748,1.9786672270925603,2.4287627594502075,0.16527121827442637
scaffold,500,10.0,10,5,log2,2.200000986265077,2.5627900303253317,0.25650060078654435,1.9805564104873636,2.4365285621265977,0.15992470808148662
scaffold,500,10.0,2,5,log2,2.200000986265077,2.5627900303253317,0.25650060078654435,1.9805564104873639,2.436528562126598,0.1599247080814864
scaffold,500,10.0,5,5,log2,2.200000986265077,2.5627900303253313,0.25650060078654446,1.9805564104873643,2.436528562126598,0.1599247080814864
scaffold,1000,10.0,2,5,log2,2.205452632816783,2.5677291483878677,0.25363203183714667,1.9859231097901955,2.4389593471780175,0.15824768191577954
scaffold,1000,10.0,10,5,log2,2.205452632816783,2.5677291483878677,0.25363203183714667,1.9859231097901955,2.4389593471780175,0.15824768191577954
scaffold,1000,10.0,5,5,log2,2.205452632816783,2.5677291483878677,0.25363203183714644,1.9859231097901955,2.4389593471780175,0.15824768191577943
